problem_description,ml_type
Predict sales based on sensor data,Supervised
Detect anomalies using labeled transaction history,Supervised
Predict customer churn based on user behavior data,Supervised
Predict house prices based on user behavior data,Supervised
Forecast fraud detection using historical transaction history,Supervised
Classify products into groups using user behavior data,Supervised
Forecast demand using historical user behavior data,Supervised
Forecast demand using historical user behavior data,Supervised
Forecast customer churn using historical demographics,Supervised
Predict customer churn based on transaction history,Supervised
Estimate demand from market trends,Supervised
Predict demand based on transaction history,Supervised
Classify customers into labels using market trends,Supervised
Forecast house prices using historical user behavior data,Supervised
Forecast customer churn using historical user behavior data,Supervised
Detect fraudulent activity using labeled user behavior data,Supervised
Forecast house prices using historical demographics,Supervised
Detect anomalies using labeled transaction history,Supervised
Detect fraudulent activity using labeled market trends,Supervised
Estimate fraud detection from transaction history,Supervised
Forecast fraud detection using historical market trends,Supervised
Detect anomalies using labeled market trends,Supervised
Detect anomalies using labeled demographics,Supervised
Forecast fraud detection using historical demographics,Supervised
Estimate customer churn from market trends,Supervised
Predict sales based on user behavior data,Supervised
Forecast fraud detection using historical user behavior data,Supervised
Classify users into categories using demographics,Supervised
Classify products into labels using market trends,Supervised
Forecast customer churn using historical demographics,Supervised
Classify users into labels using user behavior data,Supervised
Detect failures using labeled demographics,Supervised
Predict house prices based on user behavior data,Supervised
Estimate fraud detection from market trends,Supervised
Classify products into categories using market trends,Supervised
Classify products into segments using market trends,Supervised
Classify documents into segments using market trends,Supervised
Forecast customer churn using historical demographics,Supervised
Predict demand based on demographics,Supervised
Predict sales based on transaction history,Supervised
Predict customer churn based on transaction history,Supervised
Detect failures using labeled market trends,Supervised
Classify documents into groups using demographics,Supervised
Forecast house prices using historical user behavior data,Supervised
Forecast demand using historical market trends,Supervised
Estimate sales from sensor data,Supervised
Forecast customer churn using historical market trends,Supervised
Forecast house prices using historical demographics,Supervised
Forecast house prices using historical market trends,Supervised
Classify transactions into categories using transaction history,Supervised
Detect anomalies using labeled demographics,Supervised
Predict demand based on transaction history,Supervised
Forecast fraud detection using historical user behavior data,Supervised
Classify customers into categories using demographics,Supervised
Forecast customer churn using historical user behavior data,Supervised
Estimate customer churn from transaction history,Supervised
Detect failures using labeled market trends,Supervised
Classify documents into labels using user behavior data,Supervised
Classify transactions into labels using sensor data,Supervised
Estimate sales from demographics,Supervised
Predict house prices based on market trends,Supervised
Forecast demand using historical sensor data,Supervised
Detect anomalies using labeled demographics,Supervised
Estimate fraud detection from demographics,Supervised
Predict sales based on sensor data,Supervised
Forecast customer churn using historical sensor data,Supervised
Detect fraudulent activity using labeled user behavior data,Supervised
Classify products into segments using market trends,Supervised
Classify customers into groups using user behavior data,Supervised
Detect fraudulent activity using labeled market trends,Supervised
Forecast sales using historical user behavior data,Supervised
Forecast customer churn using historical user behavior data,Supervised
Estimate fraud detection from user behavior data,Supervised
Predict sales based on demographics,Supervised
Forecast demand using historical transaction history,Supervised
Detect fraudulent activity using labeled transaction history,Supervised
Predict fraud detection based on market trends,Supervised
Classify transactions into segments using market trends,Supervised
Detect failures using labeled sensor data,Supervised
Forecast demand using historical user behavior data,Supervised
Forecast sales using historical transaction history,Supervised
Forecast house prices using historical sensor data,Supervised
Predict sales based on sensor data,Supervised
Estimate house prices from transaction history,Supervised
Predict sales based on transaction history,Supervised
Classify products into categories using demographics,Supervised
Detect fraudulent activity using labeled sensor data,Supervised
Estimate customer churn from demographics,Supervised
Estimate house prices from demographics,Supervised
Detect fraudulent activity using labeled sensor data,Supervised
Detect fraudulent activity using labeled user behavior data,Supervised
Estimate demand from transaction history,Supervised
Classify transactions into categories using market trends,Supervised
Classify users into groups using demographics,Supervised
Classify documents into categories using market trends,Supervised
Forecast fraud detection using historical user behavior data,Supervised
Estimate house prices from user behavior data,Supervised
Estimate house prices from market trends,Supervised
Detect fraudulent activity using labeled user behavior data,Supervised
Estimate fraud detection from demographics,Supervised
Estimate customer churn from transaction history,Supervised
Classify products into categories using user behavior data,Supervised
Estimate demand from user behavior data,Supervised
Detect failures using labeled sensor data,Supervised
Detect fraudulent activity using labeled sensor data,Supervised
Predict sales based on sensor data,Supervised
Forecast fraud detection using historical user behavior data,Supervised
Predict customer churn based on transaction history,Supervised
Estimate house prices from sensor data,Supervised
Detect fraudulent activity using labeled transaction history,Supervised
Detect fraudulent activity using labeled sensor data,Supervised
Detect fraudulent activity using labeled sensor data,Supervised
Classify users into categories using user behavior data,Supervised
Detect failures using labeled demographics,Supervised
Estimate sales from sensor data,Supervised
Estimate sales from user behavior data,Supervised
Predict fraud detection based on market trends,Supervised
Estimate customer churn from user behavior data,Supervised
Classify transactions into segments using user behavior data,Supervised
Estimate customer churn from demographics,Supervised
Forecast fraud detection using historical demographics,Supervised
Estimate demand from sensor data,Supervised
Predict customer churn based on sensor data,Supervised
Classify users into labels using sensor data,Supervised
Detect anomalies using labeled user behavior data,Supervised
Estimate customer churn from transaction history,Supervised
Forecast fraud detection using historical transaction history,Supervised
Predict fraud detection based on transaction history,Supervised
Forecast sales using historical demographics,Supervised
Forecast customer churn using historical transaction history,Supervised
Estimate fraud detection from transaction history,Supervised
Classify products into segments using user behavior data,Supervised
Predict house prices based on demographics,Supervised
Classify transactions into labels using market trends,Supervised
Estimate house prices from market trends,Supervised
Forecast house prices using historical transaction history,Supervised
Forecast customer churn using historical market trends,Supervised
Estimate sales from market trends,Supervised
Estimate fraud detection from market trends,Supervised
Classify documents into groups using demographics,Supervised
Classify users into groups using sensor data,Supervised
Predict sales based on sensor data,Supervised
Forecast fraud detection using historical demographics,Supervised
Forecast demand using historical user behavior data,Supervised
Forecast customer churn using historical user behavior data,Supervised
Classify transactions into segments using market trends,Supervised
Detect fraudulent activity using labeled user behavior data,Supervised
Estimate demand from demographics,Supervised
Predict fraud detection based on demographics,Supervised
Detect fraudulent activity using labeled transaction history,Supervised
Classify transactions into categories using transaction history,Supervised
Detect failures using labeled sensor data,Supervised
Estimate fraud detection from user behavior data,Supervised
Estimate house prices from user behavior data,Supervised
Classify documents into labels using market trends,Supervised
Predict sales based on transaction history,Supervised
Classify users into groups using demographics,Supervised
Predict house prices based on user behavior data,Supervised
Predict house prices based on market trends,Supervised
Classify documents into groups using sensor data,Supervised
Estimate sales from user behavior data,Supervised
Classify users into labels using sensor data,Supervised
Predict house prices based on user behavior data,Supervised
Estimate house prices from user behavior data,Supervised
Estimate fraud detection from sensor data,Supervised
Predict sales based on transaction history,Supervised
Predict customer churn based on user behavior data,Supervised
Cluster customers according to user behavior data,Unsupervised
Identify patterns in user logs without labels,Unsupervised
Discover hidden structures in user logs,Unsupervised
Identify patterns in sensor readings without labels,Unsupervised
Identify patterns in user logs without labels,Unsupervised
Segment users using transaction history,Unsupervised
Discover hidden structures in financial records,Unsupervised
Segment products using user behavior data,Unsupervised
Identify patterns in financial records without labels,Unsupervised
Identify patterns in customer data without labels,Unsupervised
Cluster customers according to transaction history,Unsupervised
Cluster customers according to user behavior data,Unsupervised
Identify patterns in sensor readings without labels,Unsupervised
Identify patterns in customer data without labels,Unsupervised
Discover hidden structures in user logs,Unsupervised
Identify patterns in user logs without labels,Unsupervised
Identify patterns in user logs without labels,Unsupervised
Segment transactions using user behavior data,Unsupervised
Segment customers using sensor data,Unsupervised
Discover hidden structures in financial records,Unsupervised
Group documents based on sensor data,Unsupervised
Identify patterns in financial records without labels,Unsupervised
Identify patterns in customer data without labels,Unsupervised
Group products based on user behavior data,Unsupervised
Group documents based on user behavior data,Unsupervised
Identify patterns in user logs without labels,Unsupervised
Group users based on sensor data,Unsupervised
Identify patterns in user logs without labels,Unsupervised
Group documents based on transaction history,Unsupervised
Segment users using transaction history,Unsupervised
Cluster customers according to transaction history,Unsupervised
Segment transactions using sensor data,Unsupervised
Identify patterns in sales data without labels,Unsupervised
Identify patterns in user logs without labels,Unsupervised
Identify patterns in sales data without labels,Unsupervised
Group documents based on transaction history,Unsupervised
Group documents based on transaction history,Unsupervised
Discover hidden structures in sales data,Unsupervised
Segment documents using market trends,Unsupervised
Segment documents using user behavior data,Unsupervised
Discover hidden structures in sensor readings,Unsupervised
Discover hidden structures in sales data,Unsupervised
Cluster products according to demographics,Unsupervised
Cluster customers according to sensor data,Unsupervised
Discover hidden structures in customer data,Unsupervised
Discover hidden structures in user logs,Unsupervised
Segment transactions using market trends,Unsupervised
Cluster documents according to demographics,Unsupervised
Cluster customers according to market trends,Unsupervised
Segment customers using sensor data,Unsupervised
Segment transactions using market trends,Unsupervised
Segment products using transaction history,Unsupervised
Cluster products according to demographics,Unsupervised
Identify patterns in sensor readings without labels,Unsupervised
Discover hidden structures in sales data,Unsupervised
Cluster products according to demographics,Unsupervised
Segment documents using demographics,Unsupervised
Segment customers using user behavior data,Unsupervised
Identify patterns in customer data without labels,Unsupervised
Identify patterns in customer data without labels,Unsupervised
Segment documents using sensor data,Unsupervised
Discover hidden structures in customer data,Unsupervised
Group products based on demographics,Unsupervised
Segment products using user behavior data,Unsupervised
Cluster documents according to sensor data,Unsupervised
Discover hidden structures in customer data,Unsupervised
Cluster documents according to transaction history,Unsupervised
Segment users using user behavior data,Unsupervised
Identify patterns in financial records without labels,Unsupervised
Segment documents using market trends,Unsupervised
Segment products using transaction history,Unsupervised
Discover hidden structures in customer data,Unsupervised
Identify patterns in sensor readings without labels,Unsupervised
Segment products using user behavior data,Unsupervised
Discover hidden structures in customer data,Unsupervised
Segment users using transaction history,Unsupervised
Discover hidden structures in sensor readings,Unsupervised
Cluster users according to sensor data,Unsupervised
Group products based on sensor data,Unsupervised
Segment customers using user behavior data,Unsupervised
Group documents based on market trends,Unsupervised
Segment documents using transaction history,Unsupervised
Segment transactions using demographics,Unsupervised
Group products based on transaction history,Unsupervised
Identify patterns in sales data without labels,Unsupervised
Cluster documents according to user behavior data,Unsupervised
Discover hidden structures in sensor readings,Unsupervised
Identify patterns in customer data without labels,Unsupervised
Discover hidden structures in user logs,Unsupervised
Segment transactions using market trends,Unsupervised
Discover hidden structures in user logs,Unsupervised
Discover hidden structures in user logs,Unsupervised
Discover hidden structures in sales data,Unsupervised
Segment transactions using transaction history,Unsupervised
Segment customers using transaction history,Unsupervised
Cluster users according to transaction history,Unsupervised
Group transactions based on market trends,Unsupervised
Identify patterns in customer data without labels,Unsupervised
Identify patterns in sales data without labels,Unsupervised
Cluster transactions according to market trends,Unsupervised
Group transactions based on demographics,Unsupervised
Group transactions based on transaction history,Unsupervised
Cluster documents according to transaction history,Unsupervised
Segment transactions using market trends,Unsupervised
Group products based on transaction history,Unsupervised
Discover hidden structures in user logs,Unsupervised
Group documents based on transaction history,Unsupervised
Segment products using sensor data,Unsupervised
Group documents based on demographics,Unsupervised
Identify patterns in sales data without labels,Unsupervised
Identify patterns in financial records without labels,Unsupervised
Segment customers using market trends,Unsupervised
Cluster documents according to user behavior data,Unsupervised
Cluster documents according to transaction history,Unsupervised
Group transactions based on demographics,Unsupervised
Cluster products according to market trends,Unsupervised
Group documents based on transaction history,Unsupervised
Discover hidden structures in user logs,Unsupervised
Group products based on sensor data,Unsupervised
Identify patterns in sensor readings without labels,Unsupervised
Cluster documents according to user behavior data,Unsupervised
Discover hidden structures in sales data,Unsupervised
Group users based on user behavior data,Unsupervised
Segment users using transaction history,Unsupervised
Identify patterns in sales data without labels,Unsupervised
Segment documents using demographics,Unsupervised
Segment products using market trends,Unsupervised
Segment products using transaction history,Unsupervised
Cluster users according to transaction history,Unsupervised
Identify patterns in sales data without labels,Unsupervised
Discover hidden structures in sensor readings,Unsupervised
Group products based on transaction history,Unsupervised
Segment products using demographics,Unsupervised
Segment documents using user behavior data,Unsupervised
Segment transactions using demographics,Unsupervised
Identify patterns in user logs without labels,Unsupervised
Discover hidden structures in financial records,Unsupervised
Group transactions based on market trends,Unsupervised
Identify patterns in sensor readings without labels,Unsupervised
Cluster customers according to transaction history,Unsupervised
Identify patterns in customer data without labels,Unsupervised
Discover hidden structures in financial records,Unsupervised
Discover hidden structures in customer data,Unsupervised
Identify patterns in sales data without labels,Unsupervised
Identify patterns in customer data without labels,Unsupervised
Group users based on market trends,Unsupervised
Group products based on sensor data,Unsupervised
Group products based on transaction history,Unsupervised
Discover hidden structures in sales data,Unsupervised
Group customers based on market trends,Unsupervised
Segment transactions using market trends,Unsupervised
Identify patterns in sales data without labels,Unsupervised
Cluster users according to sensor data,Unsupervised
Group users based on user behavior data,Unsupervised
Discover hidden structures in user logs,Unsupervised
Identify patterns in user logs without labels,Unsupervised
Discover hidden structures in sales data,Unsupervised
Discover hidden structures in sensor readings,Unsupervised
Discover hidden structures in customer data,Unsupervised
Group customers based on sensor data,Unsupervised
Discover hidden structures in financial records,Unsupervised
Discover hidden structures in customer data,Unsupervised
Identify patterns in sales data without labels,Unsupervised
Identify patterns in customer data without labels,Unsupervised
Cluster users according to transaction history,Unsupervised
Cluster customers according to transaction history,Unsupervised
Group documents based on sensor data,Unsupervised
Improve decision-making for control robots using reinforcement signals,Reinforcement
Develop a system that learns to manage inventory via trial and error,Reinforcement
Control drone using reward-based learning,Reinforcement
Control traffic lights using reward-based learning,Reinforcement
Train an agent to navigate traffic using rewards,Reinforcement
Optimize robot movement dynamically with feedback,Reinforcement
Control traffic lights using reward-based learning,Reinforcement
Improve decision-making for play a game using reinforcement signals,Reinforcement
Control recommendation engine using reward-based learning,Reinforcement
Develop a system that learns to control robots via trial and error,Reinforcement
Improve decision-making for control robots using reinforcement signals,Reinforcement
Optimize supply chain dynamically with feedback,Reinforcement
Develop a system that learns to optimize ads via trial and error,Reinforcement
Train an agent to control robots using rewards,Reinforcement
Optimize traffic flow dynamically with feedback,Reinforcement
Improve decision-making for control robots using reinforcement signals,Reinforcement
Develop a system that learns to control robots via trial and error,Reinforcement
Train an agent to navigate traffic using rewards,Reinforcement
Improve decision-making for play a game using reinforcement signals,Reinforcement
Optimize energy usage dynamically with feedback,Reinforcement
Train an agent to play a game using rewards,Reinforcement
Control traffic lights using reward-based learning,Reinforcement
Improve decision-making for control robots using reinforcement signals,Reinforcement
Develop a system that learns to manage inventory via trial and error,Reinforcement
Improve decision-making for optimize ads using reinforcement signals,Reinforcement
Control recommendation engine using reward-based learning,Reinforcement
Train an agent to navigate traffic using rewards,Reinforcement
Optimize robot movement dynamically with feedback,Reinforcement
Optimize robot movement dynamically with feedback,Reinforcement
Control game AI using reward-based learning,Reinforcement
Optimize traffic flow dynamically with feedback,Reinforcement
Improve decision-making for optimize ads using reinforcement signals,Reinforcement
Control traffic lights using reward-based learning,Reinforcement
Train an agent to navigate traffic using rewards,Reinforcement
Improve decision-making for play a game using reinforcement signals,Reinforcement
Control recommendation engine using reward-based learning,Reinforcement
Optimize robot movement dynamically with feedback,Reinforcement
Train an agent to navigate traffic using rewards,Reinforcement
Control game AI using reward-based learning,Reinforcement
Develop a system that learns to navigate traffic via trial and error,Reinforcement
Develop a system that learns to play a game via trial and error,Reinforcement
Develop a system that learns to navigate traffic via trial and error,Reinforcement
Optimize traffic flow dynamically with feedback,Reinforcement
Optimize ad placement dynamically with feedback,Reinforcement
Develop a system that learns to optimize ads via trial and error,Reinforcement
Train an agent to navigate traffic using rewards,Reinforcement
Control game AI using reward-based learning,Reinforcement
Control drone using reward-based learning,Reinforcement
Optimize supply chain dynamically with feedback,Reinforcement
Control game AI using reward-based learning,Reinforcement
Develop a system that learns to play a game via trial and error,Reinforcement
Improve decision-making for navigate traffic using reinforcement signals,Reinforcement
Control traffic lights using reward-based learning,Reinforcement
Improve decision-making for manage inventory using reinforcement signals,Reinforcement
Develop a system that learns to optimize ads via trial and error,Reinforcement
Train an agent to optimize ads using rewards,Reinforcement
Improve decision-making for play a game using reinforcement signals,Reinforcement
Improve decision-making for manage inventory using reinforcement signals,Reinforcement
Develop a system that learns to play a game via trial and error,Reinforcement
Improve decision-making for control robots using reinforcement signals,Reinforcement
Control drone using reward-based learning,Reinforcement
Train an agent to play a game using rewards,Reinforcement
Train an agent to navigate traffic using rewards,Reinforcement
Develop a system that learns to navigate traffic via trial and error,Reinforcement
Improve decision-making for navigate traffic using reinforcement signals,Reinforcement
Control drone using reward-based learning,Reinforcement
Develop a system that learns to play a game via trial and error,Reinforcement
Improve decision-making for optimize ads using reinforcement signals,Reinforcement
Improve decision-making for optimize ads using reinforcement signals,Reinforcement
Develop a system that learns to navigate traffic via trial and error,Reinforcement
Train an agent to optimize ads using rewards,Reinforcement
Improve decision-making for control robots using reinforcement signals,Reinforcement
Optimize energy usage dynamically with feedback,Reinforcement
Develop a system that learns to navigate traffic via trial and error,Reinforcement
Train an agent to optimize ads using rewards,Reinforcement
Control recommendation engine using reward-based learning,Reinforcement
Control game AI using reward-based learning,Reinforcement
Optimize ad placement dynamically with feedback,Reinforcement
Control game AI using reward-based learning,Reinforcement
Control robot using reward-based learning,Reinforcement
Control traffic lights using reward-based learning,Reinforcement
Control game AI using reward-based learning,Reinforcement
Improve decision-making for optimize ads using reinforcement signals,Reinforcement
Improve decision-making for manage inventory using reinforcement signals,Reinforcement
Train an agent to control robots using rewards,Reinforcement
Optimize ad placement dynamically with feedback,Reinforcement
Optimize robot movement dynamically with feedback,Reinforcement
Train an agent to play a game using rewards,Reinforcement
Control drone using reward-based learning,Reinforcement
Control drone using reward-based learning,Reinforcement
Improve decision-making for play a game using reinforcement signals,Reinforcement
Optimize supply chain dynamically with feedback,Reinforcement
Improve decision-making for play a game using reinforcement signals,Reinforcement
Control robot using reward-based learning,Reinforcement
Control recommendation engine using reward-based learning,Reinforcement
Develop a system that learns to navigate traffic via trial and error,Reinforcement
Control robot using reward-based learning,Reinforcement
Control drone using reward-based learning,Reinforcement
Improve decision-making for manage inventory using reinforcement signals,Reinforcement
Improve decision-making for manage inventory using reinforcement signals,Reinforcement
Train an agent to navigate traffic using rewards,Reinforcement
Improve decision-making for manage inventory using reinforcement signals,Reinforcement
Develop a system that learns to play a game via trial and error,Reinforcement
Train an agent to navigate traffic using rewards,Reinforcement
Control game AI using reward-based learning,Reinforcement
Train an agent to navigate traffic using rewards,Reinforcement
Improve decision-making for optimize ads using reinforcement signals,Reinforcement
Control drone using reward-based learning,Reinforcement
Improve decision-making for optimize ads using reinforcement signals,Reinforcement
Improve decision-making for optimize ads using reinforcement signals,Reinforcement
Control robot using reward-based learning,Reinforcement
Optimize traffic flow dynamically with feedback,Reinforcement
Control traffic lights using reward-based learning,Reinforcement
Develop a system that learns to optimize ads via trial and error,Reinforcement
Optimize supply chain dynamically with feedback,Reinforcement
Optimize traffic flow dynamically with feedback,Reinforcement
Develop a system that learns to control robots via trial and error,Reinforcement
Develop a system that learns to optimize ads via trial and error,Reinforcement
Train an agent to control robots using rewards,Reinforcement
Control game AI using reward-based learning,Reinforcement
Improve decision-making for control robots using reinforcement signals,Reinforcement
Optimize supply chain dynamically with feedback,Reinforcement
Control drone using reward-based learning,Reinforcement
Optimize ad placement dynamically with feedback,Reinforcement
Develop a system that learns to optimize ads via trial and error,Reinforcement
Improve decision-making for manage inventory using reinforcement signals,Reinforcement
Train an agent to manage inventory using rewards,Reinforcement
Develop a system that learns to optimize ads via trial and error,Reinforcement
Optimize robot movement dynamically with feedback,Reinforcement
Optimize supply chain dynamically with feedback,Reinforcement
Optimize robot movement dynamically with feedback,Reinforcement
Optimize supply chain dynamically with feedback,Reinforcement
Improve decision-making for navigate traffic using reinforcement signals,Reinforcement
Train an agent to manage inventory using rewards,Reinforcement
Develop a system that learns to control robots via trial and error,Reinforcement
Train an agent to control robots using rewards,Reinforcement
Control game AI using reward-based learning,Reinforcement
Train an agent to control robots using rewards,Reinforcement
Improve decision-making for play a game using reinforcement signals,Reinforcement
Train an agent to manage inventory using rewards,Reinforcement
Train an agent to control robots using rewards,Reinforcement
Train an agent to optimize ads using rewards,Reinforcement
Improve decision-making for manage inventory using reinforcement signals,Reinforcement
Develop a system that learns to play a game via trial and error,Reinforcement
Improve decision-making for manage inventory using reinforcement signals,Reinforcement
Train an agent to optimize ads using rewards,Reinforcement
Improve decision-making for navigate traffic using reinforcement signals,Reinforcement
Control recommendation engine using reward-based learning,Reinforcement
Improve decision-making for play a game using reinforcement signals,Reinforcement
Train an agent to optimize ads using rewards,Reinforcement
Optimize traffic flow dynamically with feedback,Reinforcement
Improve decision-making for manage inventory using reinforcement signals,Reinforcement
Optimize energy usage dynamically with feedback,Reinforcement
Optimize ad placement dynamically with feedback,Reinforcement
Improve decision-making for manage inventory using reinforcement signals,Reinforcement
Optimize ad placement dynamically with feedback,Reinforcement
Develop a system that learns to navigate traffic via trial and error,Reinforcement
Train an agent to optimize ads using rewards,Reinforcement
Develop a system that learns to navigate traffic via trial and error,Reinforcement
Train an agent to navigate traffic using rewards,Reinforcement
Develop a system that learns to optimize ads via trial and error,Reinforcement
Control game AI using reward-based learning,Reinforcement
Optimize traffic flow dynamically with feedback,Reinforcement
Control traffic lights using reward-based learning,Reinforcement
Optimize ad placement dynamically with feedback,Reinforcement
Develop a system that learns to play a game via trial and error,Reinforcement
